Price,Lat,Lng,City,State
1352938.75,37.3382082,-121.8863286,San Jose, CA
1213923.75,37.7749295,-122.4194155,San Francisco, CA
982293.5,36.9741171,-122.0307963,Santa Cruz, CA
912183.5,41.4542786,-70.6036395,Vineyard Haven, MA
844873.5,40.7457117,-111.6131415,Summit Park, UT
783996.75,38.2975381,-122.286865,Napa, CA
770704.75,34.0522166,-118.2436619,Los Angeles-Long Beach-Anaheim, CA
762868.25,21.3069444,-157.8583333,Urban Honolulu, HI
753080.25,20.8893351,-156.4729469,Kahului, HI
734359.0,34.9530337,-120.4357191,Santa Maria-Santa Barbara, CA
730194.75,43.4799291,-110.7624282,Jackson, WY
716805.0,39.4816537,-106.0383518,Breckenridge, CO
710703.75,32.715738,-117.1610838,San Diego, CA
709361.75,38.440429,-122.7140548,Santa Rosa, CA
700397.5,35.2827524,-120.6596156,San Luis Obispo, CA
688142.75,39.644986,-106.5942,Edwards, CO
681623.0,36.6777372,-121.6555013,Salinas, CA
674785.75,34.2804923,-119.2945199,Ventura, CA
667800.5,22.0881391,-159.3379818,Kapaa, HI
655088.5,24.5550593,-81.7799871,Key West, FL
653353.75,40.4849769,-106.8317158,Steamboat Springs, CO
628157.0,40.0149856,-105.2705456,Boulder, CO
614438.5,39.5505376,-107.3247762,Glenwood Springs, CO
613114.5,47.6062095,-122.3320708,Seattle, WA
570545.75,39.327962,-120.1832533,Truckee, CA
558459.5,43.51962880000001,-114.3153245,Hailey, ID
553157.75,42.3600825,-71.0588801,Boston, MA
545051.25,40.5070087,-111.4133234,Heber, UT
542491.0,45.6769979,-111.0429339,Bozeman, MT
541699.75,38.8882398,-119.7412875,Gardnerville Ranchos, NV
525370.75,44.0581728,-121.3153096,Bend, OR
522979.0,40.7127753,-74.0059728,New York, NY
519780.0,41.7003208,-70.3002024,Barnstable Town, MA
512786.5,38.1040864,-122.2566367,Vallejo, CA
505468.75,39.7392358,-104.990251,Denver, CO
500517.75,48.28829469999999,-122.6484205,Oak Harbor, WA
496075.75,38.5815719,-121.4943996,Sacramento, CA
490120.75,45.7067985,-121.528087,Hood River, OR
489351.25,38.9071923,-77.0368707,Washington, DC
486515.25,48.7519112,-122.4786854,Bellingham, WA
473147.75,41.0534302,-73.5387341,Stamford, CT
471640.5,45.5051064,-122.6750261,Portland, OR
470896.5,37.27528,-107.8800667,Durango, CO
467434.0,47.5650067,-122.6269768,Bremerton, WA
466380.75,39.2776156,-74.5746001,Ocean City, NJ
457908.5,40.5852602,-105.084423,Fort Collins, CO
456950.5,39.1501709,-123.2077831,Ukiah, CA
453258.0,40.7607793,-111.8910474,Salt Lake City, UT
451848.5,39.5296329,-119.8138027,Reno, NV
450015.25,47.6734632,-116.7812225,Coeur d'Alene, ID
448387.75,33.9806005,-117.3754942,Riverside, CA
447989.25,48.4201105,-122.3374543,Mount Vernon, WA
442929.5,37.9577016,-121.2907796,Stockton, CA
432135.25,48.1919889,-114.316813,Kalispell, MT
431091.75,35.1982836,-111.651302,Flagstaff, AZ
422050.25,35.6869752,-105.937799,Santa Fe, NM
421189.5,19.7241106,-155.0868193,Hilo, HI
420402.25,46.9965144,-120.5478474,Ellensburg, WA
419024.75,47.0378741,-122.9006951,Olympia, WA
418929.0,30.267153,-97.7430608,Austin, TX
418614.5,40.2338438,-111.6585337,Provo, UT
417492.0,46.8721284,-113.9940314,Missoula, MT
416619.25,40.4233142,-104.7091322,Greeley, CO
416314.75,43.6150186,-116.2023137,Boise City, ID
411706.0,58.3019444,-134.4197221,Juneau, AK
407389.25,44.5645659,-123.2620435,Corvallis, OR
399812.75,48.276577,-116.553465,Sandpoint, ID
399028.75,47.4234599,-120.3103494,Wenatchee, WA
396764.0,47.2150945,-123.1007066,Shelton, WA
396141.0,41.223,-111.9738304,Ogden, UT
387429.0,37.0965278,-113.5684164,St. George, UT
383840.0,46.1878841,-123.8312534,Astoria, OR
382468.0,38.8338816,-104.8213634,Colorado Springs, CO
381277.5,26.1420358,-81.7948103,Naples, FL
378824.25,39.1637984,-119.7674034,Carson City, NV
378602.25,37.6392595,-120.9970014,Modesto, CA
377850.5,34.5400242,-112.4685025,Prescott, AZ
376605.25,43.6590993,-70.2568189,Portland, ME
370453.5,30.2752011,-98.8719843,Fredericksburg, TX
369898.5,44.0520691,-123.0867536,Eugene, OR
367269.75,41.8239891,-71.4128343,Providence, RI
366807.25,42.3265152,-122.8755949,Medford, OR
364099.75,42.9956397,-71.4547891,Manchester, NH
362355.75,42.0526114,-124.2839819,Brookings, OR
361121.25,40.8020712,-124.1636729,Eureka, CA
359278.25,48.118146,-123.4307413,Port Angeles, WA
355806.75,39.7284944,-121.8374777,Chico, CA
352165.75,36.0307226,-75.6760101,Kill Devil Hills, NC
348927.75,44.6367836,-124.0534505,Newport, OR
348884.25,39.1404477,-121.6169108,Yuba City, CA
347564.25,42.2625932,-71.8022934,Worcester, MA
346280.75,42.4390069,-123.3283925,Grants Pass, OR
346136.75,33.4483771,-112.0740373,Phoenix, AZ
344794.5,38.7742826,-76.0763305,Easton, MD
343616.25,44.9428975,-123.0350963,Salem, OR
342143.0,47.6587802,-117.4260465,Spokane, WA
338617.5,32.216316,-80.752608,Hilton Head Island, SC
337850.0,46.73238749999999,-117.000165,Moscow, ID
337687.75,46.2086683,-119.119948,Kennewick, WA
335719.0,46.1381676,-122.9381672,Longview, WA
334534.0,35.8800364,-106.3031138,Los Alamos, NM
333301.25,46.5891452,-112.0391057,Helena, MT
332976.0,44.4758825,-73.21207199999999,Burlington, VT
331928.25,26.1224386,-80.13731740000001,Miami-Fort Lauderdale, FL
331388.75,38.0293059,-78.47667810000002,Charlottesville, VA
330428.25,41.7369803,-111.8338359,Logan, ID
329370.75,42.2808256,-83.7430378,Ann Arbor, MI
329054.75,38.3004029,-76.5074542,California-Lexington Park, MD
327094.5,39.2903848,-76.6121893,Baltimore, MD
327076.0,36.216795,-81.6745517,Boone, NC
326582.0,44.9374831,-93.20099979999999,Minneapolis-St Paul, MN
326117.75,36.1699412,-115.1398296,Las Vegas, NV
323421.0,37.3021632,-120.4829677,Merced, CA
322914.0,44.6365107,-123.1059282,Albany, OR
320981.25,30.4434488,-86.5992261,Crestview-Fort Walton Beach-Destin, FL
320368.25,39.6079683,-119.2518349,Fernley, NV
320298.25,43.5278546,-71.4703509,Laconia, NH
320181.25,35.7795897,-78.6381787,Raleigh, NC
319784.5,55.34222219999999,-131.6461112,Ketchikan, AK
318745.75,46.7162136,-122.9542972,Centralia, WA
318535.25,40.5865396,-122.3916754,Redding, CA
315335.75,43.0730517,-89.4012302,Madison, WI
315226.5,36.1626638,-86.7816016,Nashville, TN
313865.0,36.9613356,-120.0607176,Madera, CA
313850.0,61.2180556,-149.9002778,Anchorage, AK
313582.25,36.4072134,-105.5733788,Taos, NM
312600.5,27.3959334,-82.5185837,North Port-Sarasota-Bradenton, FL
310612.75,41.1399814,-104.8202462,Cheyenne, WY
310318.75,43.2081366,-71.5375718,Concord, NH
310117.75,35.5950581,-82.5514869,Asheville, NC
309820.0,37.9829496,-120.3821724,Sonora, CA
309671.75,36.7377981,-119.7871247,Fresno, CA
306790.5,34.7229391,-76.7260436,Morehead City, NC
303341.25,44.2998485,-120.8344664,Prineville, OR
302763.25,32.7764749,-79.93105120000001,Charleston, SC
302207.75,38.4783198,-107.8761738,Montrose, CO
301471.25,46.7297771,-117.1817377,Pullman, WA
300971.5,35.9940329,-78.898619,Durham, NC
300268.5,39.0638705,-108.5506486,Grand Junction, CO
299369.0,41.9270367,-73.9973608,Kingston, NY
297980.25,44.7971939,-106.9561791,Sheridan, WY
297145.25,28.927019,-82.0037608,The Villages, FL
296080.0,46.0645809,-118.3430208,Walla Walla, WA
294322.25,41.8003049,-73.1211715,Torrington, CT
292976.5,38.3606736,-75.5993692,Salisbury, MD
292806.5,43.8231096,-111.7924237,Rexburg, ID
292318.0,42.2528649,-73.790959,Hudson, NY
291438.0,45.7832856,-108.5006904,Billings, MT
288732.5,38.9582307,-122.6263728,Clearlake, CA
287945.5,34.2103894,-77.8868117,Wilmington, NC
287519.75,40.8324211,-115.7631232,Elko, NV
285510.75,40.2205824,-74.759717,Trenton, NJ
284628.75,41.3556539,-72.0995209,New London, CT
284469.5,35.8681455,-83.56183500000002,Sevierville, TN
284385.0,34.483901,-114.3224548,Lake Havasu City, AZ
284266.5,43.49266069999999,-112.0407584,Idaho Falls, ID
283881.25,44.2949636,-93.268827,Faribault, MN
283485.5,39.9525839,-75.1652215,Philadelphia, PA
282760.5,32.7078751,-96.9209135,Dallas-Fort Worth, TX
282403.75,46.8083268,-100.7837392,Bismarck, ND
281406.25,28.5383355,-81.3792365,Orlando, FL
279936.25,44.7630567,-85.62063169999999,Traverse City, MI
277338.5,44.2910915,-105.5022205,Gillette, WY
277055.5,35.3137111,-83.1765333,Cullowhee, NC
276656.0,33.376834,-79.2944964,Georgetown, SC
274718.0,37.5407246,-77.4360481,Richmond, VA
274505.5,35.2270869,-80.8431267,Charlotte, NC
273882.0,33.7489954,-84.3879824,Atlanta, GA
273457.25,41.308274,-72.9278835,New Haven, CT
271979.5,41.7557501,-124.2025913,Crescent City, CA
271795.0,35.1954345,-79.4694767,Pinehurst-Southern Pines, NC
271630.5,46.6020711,-120.5058987,Yakima, WA
271119.25,36.8529263,-75.97798499999999,Virginia Beach, VA
270476.75,39.1856597,-78.1633341,Winchester, VA
270043.25,27.2730492,-80.3582261,Port St. Lucie, FL
269991.5,48.1469683,-103.6179745,Williston, ND
269786.0,45.5945645,-121.1786823,The Dalles, OR
269359.5,36.3274502,-119.6456844,Hanford, CA
269202.25,37.67747689999999,-113.0618931,Cedar City, UT
268955.0,34.2542084,-110.0298327,Show Low, AZ
268311.0,41.7658043,-72.6733723,Hartford, CT
267270.75,42.1014831,-72.589811,Springfield, MA
267103.0,40.7933949,-77.8600012,State College, PA
267072.5,35.3732921,-119.0187125,Bakersfield, CA
266963.0,46.8791756,-102.7896242,Dickinson, ND
266848.75,34.2308684,-111.3251355,Payson, AZ
266818.75,26.640628,-81.8723084,Fort Myers, FL
266629.75,30.0474332,-99.1403189,Kerrville, TX
266317.0,42.4500845,-73.2453824,Pittsfield, MA
265925.25,41.8781136,-87.6297982,Chicago, IL
265650.5,40.0378755,-76.3055144,Lancaster, PA
265268.5,44.1970055,-72.50204939999999,Barre, VT
264898.5,27.950575,-82.4571776,Tampa, FL
264728.5,39.4748693,-118.7770407,Fallon, NV
264438.5,42.83362049999999,-88.7323272,Whitewater, WI
264342.0,34.1170537,-83.5723876,Jefferson, GA
264320.25,46.4004089,-117.001189,Lewiston, ID
263583.0,35.2334472,-82.7342919,Brevard, NC
263406.75,36.3302284,-119.2920585,Visalia, CA
263359.25,36.2082943,-115.9839147,Pahrump, NV
263309.25,41.3113669,-105.5911007,Laramie, WY
263056.75,42.5558381,-114.4700518,Twin Falls, ID
262356.75,44.0121221,-92.4801989,Rochester, MN
262246.25,32.792,-115.5630514,El Centro, CA
261922.5,34.2978794,-83.8240663,Gainesville, GA
261425.5,32.2226066,-110.9747108,Tucson, AZ
260817.75,44.4908172,-103.8593697,Spearfish, SD
259941.0,30.3321838,-81.65565099999999,Jacksonville, FL
258636.5,43.3665007,-124.2178903,Coos Bay, OR
258345.5,38.4494063,-105.2253316,Cañon City, CO
257977.0,31.9973456,-102.0779146,Midland, TX
257884.25,40.1784886,-122.2358302,Red Bluff, CA
257655.0,27.6386434,-80.39727359999999,Vero Beach, FL
256877.25,39.158168,-75.5243682,Dover, DE
255140.5,28.0836269,-80.60810889999999,Melbourne, FL
254814.25,42.587915,-72.5994104,Greenfield Town, MA
254009.75,42.9633599,-85.6680863,Grand Rapids, MI
252607.0,46.9753708,-123.8157218,Aberdeen, WA
252391.5,30.6035255,-87.9036047,Daphne, AL
252072.5,44.0805434,-103.2310149,Rapid City, SD
251815.5,45.8848164,-95.3776663,Alexandria, MN
250996.0,47.1301417,-119.2780771,Moses Lake, WA
250709.5,44.5660691,-92.5369563,Red Wing, MN
250004.0,46.2835212,-96.0777887,Fergus Falls, MN
249666.25,43.3728635,-72.33787439999999,Claremont, NH
249218.75,40.9729584,-117.7356849,Winnemucca, NV
248643.0,64.8377778,-147.7163888,Fairbanks, AK
248405.75,26.9297836,-82.0453664,Punta Gorda, FL
247307.25,30.1588129,-85.6602058,Panama City, FL
246748.5,35.0843859,-106.650422,Albuquerque, NM
246312.0,42.8781345,-73.1967741,Bennington, VT
246281.25,29.2108147,-81.0228331,Daytona Beach, FL
245918.25,41.58746439999999,-109.2029043,Rock Springs, WY
245685.75,43.4226192,-95.1022313,Spirit Lake, IA
245658.0,43.5460223,-96.731265,Sioux Falls, SD
244735.0,40.4555157,-109.5287479,Vernal, UT
244719.5,43.1947211,-88.7289918,Watertown, WI
244593.75,40.6022939,-75.4714098,Allentown, PA
244196.25,43.19047090000001,-112.3449773,Blackfoot, ID
244184.5,42.933692,-72.2781409,Keene, NH
244178.0,43.216505,-123.3417381,Roseburg, OR
242384.75,40.2502582,-103.7999509,Fort Morgan, CO
241000.0,46.8771863,-96.7898034,Fargo, ND
239943.75,39.9611755,-82.99879419999999,Columbus, OH
239474.75,42.8621042,-112.4506191,Pocatello, ID
238171.75,29.7604267,-95.3698028,Houston, TX
236283.33333333334,39.0997265,-94.5785667,Kansas City, MO
236214.75,39.8309293,-77.2310955,Gettysburg, PA
235767.5,30.1668828,-96.39774419999999,Brenham, TX
235157.5,42.7875235,-86.1089301,Holland, MI
234708.25,45.5579451,-94.16324039999999,St. Cloud, MN
234216.75,42.4439614,-76.5018807,Ithaca, NY
233886.5,39.3642834,-74.4229266,Atlantic City, NJ
233110.0,38.9716689,-95.2352501,Lawrence, KS
232978.0,44.1635775,-93.99939959999999,Mankato, MN
232929.5,38.4495688,-78.8689155,Harrisonburg, VA
231564.0,33.9519347,-83.357567,Athens, GA
230622.5,38.2544472,-104.6091409,Pueblo, CO
230333.25,39.6417629,-77.71999319999999,Hagerstown, WV
229682.5,33.6890603,-78.8866943,Myrtle Beach, SC
229313.5,42.8500769,-106.3251749,Casper, WY
228757.0,43.0389025,-87.9064736,Milwaukee, WI
228661.25,29.95106579999999,-90.0715323,New Orleans, LA
228437.5,39.165325,-86.52638569999999,Bloomington, IN
228276.75,29.4241219,-98.49362819999999,San Antonio, TX
227982.25,43.024673,-108.3806054,Riverton, WY
227402.0,42.6525793,-73.7562317,Albany, NY
227059.75,34.7303688,-86.5861037,Huntsville, AL
226881.5,41.6611277,-91.5301683,Iowa City, IA
226631.0,40.813616,-96.7025955,Lincoln, NE
226555.5,34.85261759999999,-82.3940104,Greenville, SC
225623.0,36.0662419,-94.15785299999999,Fayetteville, AR
225499.25,46.3526733,-94.2020084,Brainerd, MN
224668.75,35.9606384,-83.9207392,Knoxville, TN
224398.0,30.627977,-96.3344068,College Station, TX
224313.75,41.2565369,-95.9345034,Omaha, NE
222050.75,44.36678759999999,-100.3537522,Pierre, SD
222032.0,29.6516344,-82.32482619999999,Gainesville, FL
221736.25,47.5052849,-111.3007715,Great Falls, MT
221279.5,45.81406399999999,-119.2592773,Hermiston-Pendleton, OR
220697.5,32.6098566,-85.48078249999999,Auburn, AL
220418.0,41.5868353,-93.6249593,Des Moines, IA
219535.25,42.224867,-121.7816704,Klamath Falls, OR
218902.25,38.9517053,-92.3340724,Columbia, MO
218389.5,44.3113573,-96.79838769999999,Brookings, SD
218153.25,43.1329504,-115.6911975,Mountain Home, ID
217935.75,43.4710944,-89.74429060000001,Baraboo, WI
217768.75,38.0405837,-84.5037164,Lexington, KY
217533.0,44.100351,-70.21477639999999,Lewiston, ME
217227.75,32.0808989,-81.091203,Savannah, GA
216350.0,38.149576,-79.0716958,Staunton, VA
215530.5,40.69933030000001,-99.0816784,Kearney, NE
215454.0,28.0394654,-81.9498042,Lakeland, FL
215176.0,39.9625984,-76.727745,York, PA
214836.75,30.42130899999999,-87.2169149,Pensacola, FL
214520.75,47.9252568,-97.0328547,Grand Forks, ND
214465.75,41.2682794,-110.9632373,Evanston, WY
214373.75,39.1031182,-84.5120196,Cincinnati, OH
213808.75,40.3409251,-76.4113497,Lebanon, PA
213746.5,42.0307812,-93.63191309999999,Ames, IA
213683.75,40.3356483,-75.9268747,Reading, PA
212531.5,44.8994088,-97.1150732,Watertown, SD
212339.25,44.811349,-91.4984941,Eau Claire, WI
212231.5,44.0855572,-93.2259349,Owatonna, MN
212112.25,44.3106241,-69.7794897,Augusta, ME
211976.5,41.0030522,-75.1817547,East Stroudsburg, PA
211900.0,40.2731911,-76.8867008,Harrisburg, PA
211517.5,45.3245771,-118.0877188,La Grande, OR
211257.75,44.2619309,-88.41538469999999,Appleton, WI
210676.5,44.89254830000001,-94.3692926,Hutchinson, MN
210551.25,40.5152491,-107.5464541,Craig, CO
210394.25,31.1499528,-81.49148939999999,Brunswick, GA
210361.75,46.8259742,-119.1752913,Othello, WA
210233.25,44.5133188,-88.0132958,Green Bay, WI
209742.25,39.18360819999999,-96.57166939999999,Manhattan, KS
208758.75,43.8137751,-91.25190169999999,La Crosse, WI
208006.0,39.768403,-86.158068,Indianapolis, IN
207809.75,37.2295733,-80.4139393,Blacksburg, VA
206806.5,42.331427,-83.0457538,Detroit, MI
206559.25,42.5357428,-113.7927948,Burley, ID
204690.25,39.9375911,-77.6611022,Chambersburg, PA
203986.75,44.0265525,-116.9629378,Ontario, OR
203730.0,37.2709704,-79.9414266,Roanoke, VA
202956.5,44.0553908,-91.6663523,Winona, MN
202622.25,43.3095164,-73.6440058,Glens Falls, NY
202360.0,38.2526647,-85.7584557,Louisville-Jefferson County, KY
202151.25,41.8297694,-86.2541768,Niles, MI
201835.0,38.6270025,-90.19940419999999,St. Louis, MO
201714.75,41.2381,-85.8530469,Warsaw, IN
201456.5,35.0456297,-85.3096801,Chattanooga, TN
200212.0,48.2329668,-101.2922906,Minot, ND
199960.25,35.483406,-86.46027169999999,Shelbyville, TN
199525.25,41.9164343,-83.3977101,Monroe, MI
199387.5,32.3199396,-106.7636538,Las Cruces, NM
199100.5,35.4492404,-86.7888887,Lewisburg, TN
199085.0,37.4137536,-79.14224639999999,Lynchburg, VA
198970.75,43.6106237,-72.9726065,Rutland, VT
198745.5,34.3668299,-89.51863499999999,Oxford, MS
198555.0,30.4382559,-84.28073289999999,Tallahassee, FL
198092.75,42.88644679999999,-78.8783689,Buffalo, NY
197971.5,30.4514677,-91.18714659999999,Baton Rouge, LA
197953.0,42.2917069,-85.5872286,Kalamazoo, MI
197935.75,42.50226610000001,-90.66546749999999,Dubuque, IA
196940.5,32.8339546,-109.70758,Safford, AZ
196564.0,36.5297706,-87.3594528,Clarksville, TN
195095.0,32.6926512,-114.6276916,Yuma, AZ
195032.75,40.9645293,-76.8844101,Lewisburg, PA
194976.25,35.1595182,-84.8766115,Cleveland, TN
194967.25,33.6356618,-96.6088805,Sherman, TX
194579.5,45.1223711,-95.048659,Willmar, MN
193782.75,30.7478954,-81.57061089999999,St. Marys, GA
193767.75,32.3512601,-95.30106239999999,Tyler, TX
193597.5,35.3062743,-78.6089028,Dunn, NC
193553.0,44.52357920000001,-89.574563,Stevens Point, WI
193083.5,35.9489566,-85.0269014,Crossville, TN
192816.5,33.5185892,-86.8103567,Birmingham, AL
192648.25,28.8037059,-82.5761369,Homosassa Springs, FL
192083.5,40.4258686,-86.90806549999999,Lafayette-West Lafayette, IN
191138.25,38.7627893,-93.73604979999999,Warrensburg, MO
190033.0,47.471573,-94.8826861,Bemidji, MN
190007.5,39.2014404,-85.9213796,Columbus, IN
189863.5,42.7794417,-96.9292104,Vermillion, SD
189858.75,41.6347726,-84.9994088,Angola, IN
189783.5,41.43029730000001,-97.3593904,Columbus, NE
189700.0,34.6856555,-82.9532036,Seneca, SC
189595.25,43.4577692,-88.837329,Beaver Dam, WI
189566.25,40.8050565,-81.935143,Wooster, OH
189534.5,33.62594139999999,-97.1333453,Gainesville, TX
189453.5,32.2048735,-95.8555207,Athens, TX
189076.75,36.3107004,-78.5908345,Oxford, NC
188641.0,42.87110879999999,-97.39728129999999,Yankton, SD
188432.0,40.4162842,-120.6530063,Susanville, CA
188422.5,41.5119954,-82.93769189999999,Port Clinton, OH
188230.25,37.7478572,-84.2946539,Richmond, KY
187925.0,36.2946008,-76.2510461,Elizabeth City, NC
187518.5,44.9591352,-89.6301221,Wausau, WI
187417.75,41.6812083,-85.9656249,Elkhart, IN
187412.25,44.8755183,-91.9193422,Menomonie, WI
185963.25,46.78667189999999,-92.1004852,Duluth, MN
185806.75,42.732535,-84.5555347,Lansing, MI
185302.75,44.8016128,-68.7712257,Bangor, ME
185270.0,31.549333,-97.1466695,Waco, TX
185012.0,36.0956918,-79.43779909999999,Burlington, NC
184125.25,30.7235263,-95.55077709999999,Huntsville, TX
184021.25,35.9910383,-106.0818233,Espa±ola, NM
183056.25,27.8005828,-97.39638099999999,Corpus Christi, TX
182477.0,38.8791783,-99.3267702,Hays, KS
182303.5,31.8456816,-102.3676431,Odessa, TX
182109.25,34.7540524,-77.4302414,Jacksonville, NC
182020.33333333334,40.44062479999999,-79.9958864,Pittsburgh, PA
181485.0,36.162839,-85.5016423,Cookeville, TN
181410.0,29.1871986,-82.14009229999999,Ocala, FL
181238.25,37.2089572,-93.29229889999999,Springfield, MO
180865.75,39.629526,-79.95589679999999,Morgantown, WV
180658.0,37.8092279,-85.46690249999999,Bardstown, KY
180557.0,36.0726354,-79.7919754,Greensboro, NC
180528.5,41.49932,-81.6943605,Cleveland, OH
180450.0,33.4503998,-88.81838719999999,Starkville, MS
180422.25,32.31871580000001,-102.5457155,Andrews, TX
180284.5,42.7261309,-87.78285230000002,Racine, WI
180206.0,36.09985959999999,-80.244216,Winston-Salem, NC
180189.5,31.5455001,-110.2772856,Sierra Vista, AZ
180000.5,40.7989735,-76.8621935,Selinsgrove, PA
179993.0,34.5114883,-83.5271166,Cornelia, GA
179974.5,42.6827885,-89.0187222,Janesville, WI
179362.5,32.7026116,-103.1360403,Hobbs, NM
178853.5,31.3403775,-110.9342532,Nogales, AZ
178623.25,33.2098407,-87.56917349999999,Tuscaloosa, AL
178622.75,35.1495343,-90.0489801,Memphis, TN
178608.5,41.003698,-76.4549457,Bloomsburg, PA
178337.0,40.6255415,-103.207709,Sterling, CO
178280.75,32.2206958,-98.2022633,Stephenville, TX
177697.0,43.15657789999999,-77.6088465,Rochester, NY
177447.25,45.4646985,-98.4864829,Aberdeen, SD
177266.5,36.6436731,-93.21851439999999,Branson, MO
176863.5,35.5280783,-108.7425843,Gallup, NM
176487.0,34.0007104,-81.0348144,Columbia, SC
176239.0,31.1171194,-97.72779589999999,Killeen, TX
176199.75,31.7607195,-93.08627489999999,Natchitoches, LA
175759.75,35.3620235,-86.20943419999999,Tullahoma, TN
174912.75,37.9716898,-100.8726618,Garden City, KS
174879.75,33.4734978,-82.0105148,Augusta, GA
174819.25,43.7508284,-87.71453,Sheboygan, WI
174754.5,38.57670170000001,-92.1735164,Jefferson City, MO
174239.25,27.2439349,-80.82978279999999,Okeechobee, FL
174233.0,34.9495672,-81.9320482,Spartanburg, SC
174215.0,40.5489358,-84.5702338,Celina, OH
174081.5,43.7094283,-98.0297992,Mitchell, SD
173552.75,44.0247062,-88.5426136,Oshkosh, WI
173345.75,35.4675602,-97.5164276,Oklahoma City, OK
173152.25,41.2411897,-77.00107860000001,Williamsport, PA
173103.75,34.5037004,-93.0551795,Hot Springs, AR
173044.0,30.2265949,-93.2173758,Lake Charles, LA
173039.0,46.9105438,-98.7084357,Jamestown, ND
172958.5,28.8052674,-97.0035982,Victoria, TX
172728.75,35.7344538,-81.3444573,Hickory, NC
172666.75,40.9263957,-98.3420118,Grand Island, NE
172487.5,46.5436199,-87.3953713,Marquette, MI
171902.25,41.0814447,-81.51900529999999,Akron, OH
171814.25,41.079273,-85.1393513,Fort Wayne, IN
171622.0,37.7030646,-85.8649408,Elizabethtown, KY
171483.25,41.8975471,-84.03716589999999,Adrian, MI
171219.25,36.9685219,-86.4808043,Bowling Green, KY
170824.5,41.70753939999999,-86.8950297,Michigan City, IN
170789.75,41.9778795,-91.6656232,Cedar Rapids, IA
170104.0,30.1896756,-82.6392899,Lake City, FL
169945.5,35.108493,-77.04411429999999,New Bern, NC
169813.75,40.3933956,-82.4857181,Mount Vernon, OH
169549.75,42.245869,-84.40134619999999,Jackson, MI
169489.75,43.2341813,-86.24839209999999,Muskegon, MI
169138.0,42.9872547,-85.07111739999999,Ionia, MI
169045.75,36.3134397,-82.3534727,Johnson City, TN
168882.25,44.7822064,-88.60899169999999,Shawano, WI
167688.25,39.4863773,-75.02596369999999,Vineland, NJ
167549.5,44.3144394,-94.45930179999999,New Ulm, MN
167287.25,41.04422,-83.6499321,Findlay, OH
166779.0,41.3436554,-86.3097278,Plymouth, IN
166769.75,30.5043583,-90.46119949999999,Hammond, LA
166592.75,42.03272339999999,-97.41375529999999,Norfolk, NE
166203.75,38.3708415,-97.66420869999999,McPherson, KS
165606.0,36.1539816,-95.99277500000001,Tulsa, OK
165585.5,37.3058839,-89.51814759999999,Cape Girardeau, MO
165431.25,31.4637723,-100.4370375,San Angelo, TX
165426.0,43.0481221,-76.14742439999999,Syracuse, NY
165246.75,30.2240897,-92.0198427,Lafayette, LA
165231.25,35.5942137,-105.2227978,Las Vegas, NM
164954.5,34.7464809,-92.28959479999999,Little Rock, AR
164809.0,39.5994095,-110.8107148,Price, UT
164671.25,39.3372722,-85.483581,Greensburg, IN
164354.0,33.5778631,-101.8551665,Lubbock, TX
164027.75,34.4047987,-103.2052272,Clovis, NM
163622.0,35.3501426,-80.2000578,Albemarle, NC
163431.5,41.3669942,-85.0588575,Auburn, IN
163205.25,38.2009055,-84.87328350000001,Frankfort, KY
162975.25,36.2139814,-83.29489219999999,Morristown, TN
162437.25,38.3914418,-86.9311094,Jasper, IN
161680.25,44.448423,-95.79119159999999,Marshall, MN
161048.0,28.9827565,-95.969402,Bay City, TX
161022.25,27.495592,-81.440907,Sebring, FL
160897.0,35.6840131,-82.00927449999999,Marion, NC
160861.0,40.5678265,-84.1935594,Wapakoneta, OH
160763.25,42.4528571,-75.0637746,Oneonta, NY
160496.0,38.5631744,-76.0788292,Cambridge, MD
160423.0,35.2219971,-101.8312969,Amarillo, TX
160312.5,37.9715592,-87.5710898,Evansville, IN
160167.0,46.0038232,-112.5347775,Butte, MT
159968.5,41.4561754,-82.71168209999999,Sandusky, OH
159920.75,40.4842027,-88.99368729999999,Bloomington, IL
159472.5,32.4487876,-81.7831674,Statesboro, GA
159444.5,35.612661,-77.3663538,Greenville, NC
159260.0,37.68717609999999,-97.33005299999999,Wichita, KS
159181.5,31.6039455,-94.65600400000001,Nacogdoches, TX
159142.75,41.6763545,-86.25198979999999,South Bend, IN
159079.5,41.1200325,-87.8611531,Kankakee, IL
158875.75,37.7252315,-92.1646722,Fort Leonard Wood, MO
158850.25,36.1156071,-97.0583681,Stillwater, OK
158733.5,32.5232053,-92.63792699999999,Ruston, LA
158649.25,43.6155825,-84.2472116,Midland, MI
157940.25,35.4939587,-85.01245349999999,Dayton, TN
157713.25,40.3611643,-83.7596557,Bellefontaine, OH
157654.5,32.6130007,-83.624201,Warner Robins, GA
157629.25,43.7730448,-88.4470508,Fond du Lac, WI
157227.5,40.830603,-84.9291329,Decatur, IN
157150.75,39.7589478,-84.1916069,Dayton, OH
156837.0,29.5957696,-90.71953479999999,Houma, LA
156654.0,40.79894729999999,-81.378447,Canton, OH
156616.5,43.9552825,-86.4525831,Ludington, MI
156550.25,27.5035613,-99.5075519,Laredo, TX
156444.25,34.7698021,-84.9702228,Dalton, GA
156011.0,44.6994873,-73.4529124,Plattsburgh, NY
155664.25,40.2842164,-84.1554987,Sidney, OH
155484.5,34.6059253,-86.9833417,Decatur, AL
155338.25,32.2987573,-90.1848103,Jackson, MS
154982.75,35.4798757,-79.1802994,Sanford, NC
154981.75,34.502587,-84.9510542,Calhoun, GA
154884.75,40.1164204,-88.2433829,Champaign-Urbana, IL
154219.25,39.0286093,-96.83139779999999,Junction City, KS
153608.0,41.4333909,-96.49814669999999,Fremont, NE
153154.25,30.3674198,-89.0928155,Gulfport, MS
153106.0,35.3340108,-81.8651028,Forest City, NC
152927.0,40.1083912,-83.7524298,Urbana, OH
152453.25,29.6485801,-81.6375819,Palatka, FL
152280.0,40.8686675,-82.3182178,Ashland, OH
152217.75,40.3461017,-94.8724706,Maryville, MO
152217.0,34.2675937,-86.20886689999999,Albertville, AL
152063.75,31.7618778,-106.4850217,El Paso, TX
151902.25,43.9747838,-75.91075649999999,Watertown, NY
151792.5,42.4963416,-96.40494079999999,Sioux City, IA
151621.5,43.100903,-75.232664,Utica, NY
151616.5,32.5007037,-94.74048909999999,Longview, TX
151614.5,28.6149968,-96.6260892,Port Lavaca, TX
151609.5,41.1370133,-77.4469263,Lock Haven, PA
151584.0,41.1402759,-100.7601454,North Platte, NE
151382.0,38.9592201,-85.8902547,Seymour, IN
151330.25,41.4414384,-85.2649754,Kendallville, IN
150824.0,31.8315028,-81.6141099,Hinesville, GA
150517.0,36.72805830000001,-108.2186856,Farmington, NM
150509.75,37.0920222,-84.6041084,Somerset, KY
149951.5,35.54655169999999,-77.0521742,Washington, NC
149546.0,35.0526641,-78.87835849999999,Fayetteville, NC
149470.25,30.8365815,-83.9787808,Thomasville, GA
149368.25,39.3292396,-82.1012554,Athens, OH
149346.25,38.615768,-95.2686366,Ottawa, KS
149342.75,31.3271189,-89.29033919999999,Hattiesburg, MS
149216.25,32.3792233,-86.3077368,Montgomery, AL
149215.5,34.1748208,-86.8436124,Cullman, AL
149180.0,29.19664049999999,-96.2696867,El Campo, TX
148821.5,30.5254692,-89.67950839999999,Picayune, MS
148716.25,42.492786,-92.34257749999999,Waterloo, IA
148661.5,37.948544,-91.7715303,Rolla, MO
148605.5,40.1028264,-84.63301150000001,Greenville, OH
148557.0,43.0125274,-83.6874562,Flint, MI
148299.5,41.9789631,-76.51549899999999,Sayre, PA
147908.75,43.59780749999999,-84.7675139,Mount Pleasant, MI
147671.25,43.6666296,-92.97463669999999,Austin, MN
147655.0,42.12922409999999,-80.085059,Erie, PA
147469.0,35.4428512,-84.5929898,Athens, TN
147235.0,32.4487364,-99.73314390000002,Abilene, TX
147158.75,36.1584651,-81.1475841,North Wilkesboro, NC
146984.0,41.9200472,-84.6305101,Hillsdale, MI
146872.75,35.3848841,-77.9927651,Goldsboro, NC
146749.25,41.799217,-85.41914820000001,Sturgis, MI
146716.0,38.65921520000001,-87.172789,Washington, IN
146708.25,28.7091433,-100.4995214,Eagle Pass, TX
146489.75,27.2158826,-81.8584164,Arcadia, FL
146385.75,32.5448714,-94.36741839999999,Marshall, TX
146385.5,42.0597047,-93.8802273,Boone, IA
146339.75,34.257038,-85.1646726,Rome, GA
145898.75,34.2745833,-81.6187178,Newberry, SC
145890.25,31.0567117,-93.2131232,Fort Polk South, LA
145798.25,39.0473451,-95.67515759999999,Topeka, KS
145717.25,42.9981156,-78.1875167,Batavia, NY
145615.0,36.548434,-82.5618186,Kingsport, TN
145434.5,26.7542312,-80.93367529999999,Clewiston, FL
145081.5,32.770075,-108.280326,Silver City, NM
145045.25,39.1200418,-88.5433829,Effingham, IL
144941.5,42.9317335,-76.5660529,Auburn, NY
144917.75,41.8666341,-103.6671662,Scottsbluff, NE
144915.0,36.3353949,-92.381346,Mountain Home, AR
143886.25,42.73416,-90.4784621,Platteville, WI
143798.75,31.4504629,-83.5084973,Tifton, GA
143606.0,41.424473,-91.0432051,Muscatine, IA
142979.25,39.41535200000001,-81.45484359999999,Marietta, OH
142511.5,43.6980782,-85.4836557,Big Rapids, MI
142445.0,42.9978049,-84.1766358,Owosso, MI
142434.0,46.2652367,-96.60590719999999,Wahpeton, ND
142383.25,30.6953657,-88.0398912,Mobile, AL
142150.25,37.08422710000001,-94.51328099999999,Joplin, MO
142115.25,32.5093109,-92.1193012,Monroe, LA
142039.25,41.6528052,-83.5378674,Toledo, OH
142009.25,32.8995325,-105.960265,Alamogordo, NM
141897.5,43.5944677,-83.8888647,Bay City, MI
141475.75,39.78172130000001,-89.6501481,Springfield, IL
141422.5,38.7358933,-85.37995769999999,Madison, IN
141092.5,33.0801429,-83.2320991,Milledgeville, GA
140622.25,29.20968359999999,-99.7861679,Uvalde, TX
140431.0,40.4897871,-81.4456706,New Philadelphia, OH
140351.75,35.6145169,-88.81394689999999,Jackson, TN
140344.5,41.5236437,-90.5776367,Davenport, IL
140207.75,35.6865889,-85.7801453,McMinnville, TN
140183.75,37.7719074,-87.1111676,Owensboro, KY
140150.0,44.0886059,-87.657584,Manitowoc, WI
139877.25,43.6210985,-95.59414360000001,Worthington, MN
139791.0,30.8327022,-83.2784851,Valdosta, GA
139683.75,42.3211522,-85.17971419999999,Battle Creek, MI
139587.75,36.4993007,-80.6072858,Mount Airy, NC
139567.5,36.6103334,-88.31476099999999,Murray, KY
139456.75,35.84229670000001,-90.704279,Jonesboro, AR
139392.25,40.5862583,-98.38987259999999,Hastings, NE
139255.0,40.0411536,-86.87445160000001,Crawfordsville, IN
139132.0,33.9204354,-80.3414693,Sumter, SC
138487.75,32.4609764,-84.9877094,Columbus, GA
138434.75,42.6011813,-76.1804843,Cortland, NY
138309.25,30.080174,-94.1265562,Beaumont, TX
138264.5,39.4453393,-83.8285375,Wilmington, OH
138068.25,41.9239178,-89.0687073,Rochelle, IL
137868.75,43.1450748,-95.144318,Spencer, IA
137669.75,37.6805967,-92.6637865,Lebanon, MO
137576.5,44.4686696,-71.18507679999999,Berlin, NH
137556.25,41.408969,-75.66241219999999,Scranton, PA
137492.5,44.386832,-89.79848489999999,Wisconsin Rapids-Marshfield, WI
137470.75,42.2711311,-89.0939952,Rockford, IL
136654.25,39.3331197,-82.9824019,Chillicothe, OH
136074.5,38.8402805,-97.61142369999999,Salina, KS
135578.75,35.2923513,-81.5356463,Shelby, NC
135568.0,36.1631574,-82.83098609999999,Greeneville, TN
135483.5,31.3151708,-85.85521609999999,Enterprise, AL
135233.75,41.7033177,-93.05735330000002,Newton, IA
135131.5,47.12113309999999,-88.5694182,Houghton, MI
135030.75,45.1805223,-89.683459,Merrill, WI
134258.5,42.09868669999999,-75.91797380000001,Binghamton, NY
134158.25,39.9242266,-83.8088171,Springfield, OH
134075.5,33.1567863,-94.96826899999999,Mount Pleasant, TX
133681.5,40.6214551,-79.15253489999999,Indiana, PA
133280.5,31.963778,-95.27050419999999,Jacksonville, TX
133029.5,39.006165,-85.6235796,North Vernon, IN
132878.75,41.8444735,-90.1887379,Clinton, IA
132729.0,26.2034071,-98.23001239999999,McAllen, TX
132414.25,42.9106219,-76.7966215,Seneca Falls, NY
132384.0,35.8653789,-101.9732236,Dumas, TX
132323.25,32.8084605,-98.1128223,Mineral Wells, TX
132214.75,39.9403453,-82.0131924,Zanesville, OH
132212.75,43.6478006,-93.3686555,Albert Lea, MN
132208.5,32.3526456,-90.877882,Vicksburg, MS
132068.75,33.0362218,-85.0322444,LaGrange, GA
132067.25,32.2503979,-101.4787355,Big Spring, TX
131455.75,33.1384479,-95.6010668,Sulphur Springs, TX
131369.25,34.79981,-87.677251,Florence, AL
131365.0,36.7281154,-91.8523711,West Plains, MO
131163.25,41.2844933,-84.3557802,Defiance, OH
130837.5,36.2297936,-93.1076765,Harrison, AR
130780.75,43.0528506,-74.3437467,Gloversville, NY
130751.75,40.742551,-84.1052256,Lima, OH
130582.0,40.486427,-86.13360329999999,Kokomo, IN
130559.75,31.3112936,-92.4451371,Alexandria, LA
130493.25,41.3503303,-83.1218634,Fremont, OH
130415.0,29.3708857,-100.8958674,Del Rio, TX
130397.25,35.7212689,-77.9155395,Wilson, NC
130296.5,41.9403263,-85.00052149999999,Coldwater, MI
130222.5,35.2468204,-91.73368459999999,Searcy, AR
129404.25,34.1954331,-79.7625625,Florence, SC
129326.75,31.2232313,-85.3904888,Dothan, AL
129039.75,31.3345562,-94.7321127,Lufkin, TX
128890.0,39.7674578,-94.84668099999999,St. Joseph, MO
128784.5,45.8202334,-88.0659603,Iron Mountain, MI
128515.5,42.6430359,-95.2019399,Storm Lake, IA
128477.25,28.4008319,-97.7483312,Beeville, TX
128438.25,40.48479589999999,-78.0102813,Huntingdon, PA
128275.5,27.5472589,-81.8114715,Wauchula, FL
128247.5,39.5373688,-83.437579,Washington Court House, OH
127997.25,40.75839,-82.5154471,Mansfield, OH
127907.0,34.5773206,-83.3323851,Toccoa, GA
127860.25,39.7083789,-91.35848159999999,Hannibal, MO
127758.25,44.2519526,-85.40116189999999,Cadillac, MI
127729.75,41.00761139999999,-91.9636914,Fairfield, IA
127576.75,34.2576066,-88.7033859,Tupelo, MS
126909.0,31.6074365,-81.8853924,Jesup, GA
126537.75,35.2423023,-87.33473889999999,Lawrenceburg, TN
126419.5,39.9356016,-91.4098726,Quincy, IL
126312.5,33.9924186,-96.39712329999999,Durant, OK
126043.25,31.4229124,-103.4932293,Pecos, TX
126033.0,40.8831011,-85.49747599999999,Huntington, IN
125908.25,36.3020023,-88.32671069999999,Paris, TN
125830.25,43.1535728,-93.20103669999999,Mason City, IA
125570.75,40.7808398,-99.74150449999999,Lexington, NE
125348.5,37.6456329,-84.77217019999999,Danville, KY
125303.5,42.9377453,-74.190356,Amsterdam, NY
125091.0,31.5790588,-90.4406506,Brookhaven, MS
124823.75,41.24255309999999,-82.6157331,Norwalk, OH
124822.25,40.19475389999999,-92.5832496,Kirksville, MO
124527.0,33.4956744,-88.4272627,Columbus, MS
124202.5,35.9382103,-77.7905339,Rocky Mount, NC
123933.25,40.5186809,-78.3947359,Altoona, PA
123667.0,38.8611619,-86.4872149,Bedford, IN
123369.0,40.2720151,-81.8595756,Coshocton, OH
123157.5,35.2784173,-93.1337856,Russellville, AR
123149.0,37.7808846,-90.4217895,Farmington, MO
122785.25,36.9958839,-85.91192149999999,Glasgow, KY
122738.5,40.2794809,-86.5108355,Frankfort, IN
122612.75,29.6993748,-91.20676999999999,Morgan City, LA
122521.0,30.5335302,-92.081509,Opelousas, LA
122237.25,46.49771150000001,-84.3475876,Sault Ste. Marie, MI
121959.0,41.3455892,-88.8425769,Ottawa, IL
121857.75,35.5261633,-98.7075744,Weatherford, OK
121637.0,25.9017472,-97.4974838,Brownsville, TX
121598.5,41.2916728,-92.6493595,Oskaloosa, IA
121590.75,31.8087678,-85.969951,Troy, AL
121338.0,34.1954001,-82.1617883,Greenwood, SC
121104.25,41.8650534,-80.7898089,Ashtabula, OH
121014.25,30.8463055,-93.2890527,DeRidder, LA
120635.0,40.6936488,-89.5889864,Peoria, IL
120431.0,40.797821,-85.8205411,Wabash, IN
120323.5,34.014264,-86.0066386,Gadsden, AL
119839.25,32.5251516,-93.7501789,Shreveport, LA
119726.25,44.8486596,-74.29489830000001,Malone, NY
119541.5,33.5873164,-102.37796,Levelland, TX
119355.5,32.2686981,-107.7586404,Deming, NM
119273.0,31.7093197,-98.9911611,Brownwood, TX
119156.25,39.2667418,-81.56151349999999,Parkersburg, WV
119111.0,32.7865735,-83.7199136,Macon-Bibb County, GA
119088.0,36.0584021,-90.4973286,Paragould, AR
119065.25,37.7527982,-100.0170787,Dodge City, KS
118994.0,37.0430812,-100.920999,Liberal, KS
118513.0,35.9670412,-83.1876578,Newport, TN
117807.0,38.0564679,-83.9432556,Mount Sterling, KY
117550.75,45.0999849,-87.6306623,Marinette, WI
117452.75,35.3859242,-94.39854749999999,Fort Smith, AR
117356.25,41.1144992,-83.1779746,Tiffin, OH
117293.75,40.008411,-79.0780831,Somerset, PA
117258.75,40.862585,-76.79441039999999,Sunbury, PA
117066.25,42.0970023,-79.23532589999999,Jamestown, NY
116774.75,41.0036719,-80.34700900000001,New Castle, PA
116475.25,36.7569994,-90.392888,Poplar Bluff, MO
116231.25,33.425125,-94.04768820000001,Texarkana, TX
116218.0,35.91537,-94.969956,Tahlequah, OK
116175.75,33.6609389,-95.55551299999999,Paris, TX
116084.5,41.0997803,-80.6495194,Youngstown, OH
115970.5,32.0954304,-96.46887269999999,Corsicana, TX
115936.75,34.0112715,-85.25658229999999,Cedartown, GA
115525.5,42.1428521,-77.05469029999999,Corning, NY
115495.25,39.1230777,-93.1968704,Marshall, MO
115304.5,37.0833893,-88.6000478,Paducah, KY
115278.25,33.3942655,-104.5230242,Roswell, NM
115154.25,33.9137085,-98.4933873,Wichita Falls, TX
114993.75,38.403903,-96.18166260000001,Emporia, KS
114960.75,32.2176855,-82.4134614,Vidalia, GA
114848.25,31.2437872,-90.4531535,McComb, MS
114647.5,31.5088073,-82.8498654,Douglas, GA
114407.5,40.031183,-81.5884561,Cambridge, OH
114406.25,42.0494674,-92.90803749999999,Marshalltown, IA
114265.0,31.5785074,-84.15574099999999,Albany, GA
114204.25,39.4850848,-80.1425781,Fairmont, WV
113446.5,34.6723069,-86.03414629999999,Scottsboro, AL
112922.5,33.6598257,-85.8316318,Anniston, AL
112834.5,31.7621153,-95.6307891,Palestine, TX
112623.25,41.6414438,-80.15144839999999,Meadville, PA
112496.0,40.9008923,-80.8567501,Salem, OH
112005.5,40.2659269,-96.7466913,Beatrice, NE
111931.75,43.4194699,-83.9508068,Saginaw, MI
111830.25,32.5404447,-82.90375399999999,Dublin, GA
111769.25,36.7473114,-95.98081789999999,Bartlesville, OK
110761.5,37.3433974,-85.3419069,Campbellsville, KY
110497.75,40.5992395,-77.571382,Lewistown, PA
110214.75,36.4336481,-99.3903862,Woodward, OK
110040.5,36.876719,-89.5878579,Sikeston, MO
109988.75,27.5158689,-97.85610899999999,Kingsville, TX
109667.25,40.8694927,-84.58412229999999,Van Wert, OH
109525.0,40.5886699,-83.1285242,Marion, OH
109173.25,30.7910204,-89.8486858,Bogalusa, LA
109172.0,42.0897965,-76.8077338,Elmira, NY
108729.0,30.9037995,-84.57546990000002,Bainbridge, GA
108395.25,33.4359416,-86.1058048,Talladega, AL
108385.75,40.0325848,-80.89865019999999,Wheeling, OH
108366.75,38.7044609,-93.2282613,Sedalia, MO
108330.25,38.4192496,-82.44515400000002,Huntington, WV
108318.0,45.0616794,-83.4327528,Alpena, MI
107637.75,41.1210115,-78.7583257,DuBois, PA
107443.75,36.5859718,-79.39502279999999,Danville, VA
107271.75,37.1289771,-84.08326459999999,London, KY
107086.0,34.774531,-96.6783449,Ada, OK
107018.75,39.8289369,-84.8902382,Richmond, IN
106517.0,39.1730652,-91.887271,Mexico, MO
106498.0,38.0608445,-97.92977429999999,Hutchinson, KS
106301.25,39.2806451,-80.34453409999999,Clarksburg, WV
106285.5,34.9342548,-88.5222702,Corinth, MS
106226.25,34.1861922,-103.3343978,Portales, NM
105163.75,40.1933767,-85.3863599,Muncie, IN
105086.25,31.9635074,-83.7823938,Cordele, GA
104959.0,36.6828041,-101.4815493,Guymon, OK
104894.25,32.7178862,-100.9176184,Snyder, TX
104861.25,45.74524659999999,-87.06458010000001,Escanaba, MI
104409.25,35.4119944,-99.4042592,Elk City, OK
104287.25,31.6940509,-89.1306124,Laurel, MS
104097.75,36.0345159,-89.38562809999999,Dyersburg, TN
103958.0,40.8076529,-91.1128901,Burlington, IA
103905.75,38.3498195,-81.6326234,Charleston, WV
103847.25,35.769799,-91.6409721,Batesville, AR
103433.5,36.3433965,-88.8503379,Martin, TN
103370.25,35.3272928,-96.9253004,Shawnee, OK
103341.25,27.7522487,-98.0697249,Alice, TX
103283.5,34.8150622,-102.3977036,Hereford, TX
103053.0,35.14726,-107.8514466,Grants, NM
102922.0,31.2135511,-82.3540178,Waycross, GA
102883.5,40.8808666,-88.62978389999999,Pontiac, IL
102876.5,39.928935,-85.3702476,New Castle, IN
102817.5,33.4918203,-80.8556476,Orangeburg, SC
102721.0,39.6528654,-78.7625185,Cumberland, MD
102714.75,34.6035669,-98.39592909999999,Lawton, OK
102624.25,31.459017,-85.640289,Ozark, AL
102593.25,37.7272727,-89.2167501,Carbondale, IL
102556.25,34.3623149,-92.81294620000001,Malvern, AR
102432.25,41.8389213,-89.47954779999999,Dixon, IL
102195.5,41.788642,-89.69621939999999,Sterling, IL
102072.25,39.4667034,-87.41390919999999,Terre Haute, IN
101450.0,39.4183689,-92.43823669999999,Moberly, MO
101366.0,26.9072605,-99.27142549999999,Zapata, TX
100063.5,36.7417235,-88.6367154,Mayfield, KY
99944.0,38.8445251,-82.1370889,Point Pleasant, WV
99328.75,40.1483768,-89.3648183,Lincoln, IL
98910.5,34.1742611,-97.14362539999999,Ardmore, OK
98833.5,43.3789199,-84.6597274,Alma, MI
98659.5,39.5630521,-95.12163559999999,Atchison, KS
97956.25,31.1799407,-83.7888387,Moultrie, GA
97633.0,33.7690049,-89.8084192,Grenada, MS
97632.0,37.32810050000001,-87.4988882,Madisonville, KY
97583.0,32.3643098,-88.703656,Meridian, MS
97317.5,35.2626635,-77.5816353,Kinston, NC
96979.0,31.5604442,-91.40317100000001,Natchez, MS
96615.5,38.6411854,-83.744365,Maysville, KY
96382.0,38.3172714,-88.9031201,Mount Vernon, IL
96144.75,38.677269,-87.5286325,Vincennes, IN
95334.75,40.6856456,-76.195499,Pottsville, PA
95035.0,42.2966861,-89.6212271,Freeport, IL
95031.75,38.92593970000001,-79.8467349,Elkins, WV
94856.25,34.1209292,-93.0537839,Arkadelphia, AR
94344.75,39.8403147,-88.9548001,Decatur, IL
94065.5,41.8143331,-79.29021329999999,Warren, PA
93651.25,40.7536528,-86.0688811,Peru, IN
93033.25,40.6297634,-91.31453499999999,Fort Madison, IA
92764.25,40.7544843,-86.3566659,Logansport, IN
92586.25,36.3955891,-97.8783911,Enid, OK
92424.5,36.3294305,-78.39920099999999,Henderson, NC
92236.25,39.733936,-90.2290098,Jacksonville, IL
91723.0,34.9334298,-95.76971309999999,McAlester, OK
91433.5,40.3697905,-80.63396379999999,Weirton, OH
91117.75,32.0723861,-84.23268759999999,Americus, GA
91107.5,40.5583739,-85.6591442,Marion, IN
90644.75,32.8881879,-84.3265854,Thomaston, GA
90638.5,40.8083909,-82.97546489999999,Bucyrus, OH
90336.75,33.2670725,-93.239334,Magnolia, AR
90316.75,41.4339484,-79.7064413,Oil City, PA
90312.25,35.0717945,-81.64981949999999,Gaffney, SC
89612.0,39.4961458,-88.1761521,Charleston, IL
89374.75,41.01602930000001,-92.40830220000001,Ottumwa, IA
88934.0,38.7317431,-82.9976742,Portsmouth, OH
88783.75,39.0520169,-82.6365536,Jackson, OH
88562.75,34.480642,-85.3477343,Summerville, GA
87462.5,39.6411589,-85.1410748,Connersville, IN
87461.75,37.410884,-94.70496,Pittsburg, KS
87350.0,42.083639,-78.42992699999999,Olean, NY
86821.75,34.5023028,-97.9578128,Duncan, OK
86517.75,36.4242303,-89.0570096,Union City, TN
86164.75,37.0619736,-97.0383712,Arkansas City-Winfield, KS
85742.5,36.6915262,-79.8725386,Martinsville, VA
85678.5,44.6942291,-75.48633640000001,Ogdensburg, NY
85443.0,40.32674069999999,-78.9219698,Johnstown, PA
85065.75,39.548935,-89.294533,Taylorville, IL
84290.75,37.7781702,-81.1881557,Beckley, WV
84156.0,34.6182199,-79.0086424,Lumberton, NC
83187.0,35.7478769,-95.3696909,Muskogee, OK
83110.25,33.20763,-92.6662674,El Dorado, AR
82697.25,38.3644567,-98.7648073,Great Bend, KS
82537.5,37.2698395,-81.2223195,Bluefield, WV
80783.75,31.7149082,-83.25265449999999,Fitzgerald, GA
80558.25,40.94781580000001,-90.3712395,Galesburg, IL
79918.5,34.1847936,-101.7068417,Plainview, TX
79914.25,32.7376001,-101.950992,Lamesa, TX
79663.0,32.4709519,-100.4059384,Sweetwater, TX
79646.0,34.7740494,-79.46282479999999,Laurinburg, NC
78925.25,40.4592076,-90.67179709999999,Macomb, IL
78250.5,34.9393201,-79.7739457,Rockingham, NC
77912.5,36.8586404,-82.78324889999999,Big Stone Gap, VA
77586.25,36.8745146,-94.8774554,Miami, OK
76128.75,36.2361762,-90.0556493,Kennett, MO
75701.25,40.6331249,-89.3985283,Canton, IL
75043.0,36.4615395,-77.6541464,Roanoke Rapids, NC
74160.25,35.6678203,-101.3973876,Borger, TX
73733.5,32.8187406,-85.1793852,Valley, AL
71813.75,26.4814565,-97.783051,Raymondville, TX
71201.25,26.3797874,-98.8203046,Rio Grande City, TX
70818.25,37.8487147,-81.9934581,Logan, WV
70144.25,40.124481,-87.6300207,Danville, IL
69960.75,41.9564953,-78.649163,Bradford, PA
68407.0,36.706981,-97.0855948,Ponca City, OK
68310.75,34.1545306,-99.2650804,Vernon, TX
67993.75,34.637765,-99.3340442,Altus, OK
67783.5,34.2284312,-92.00319549999999,Pine Bluff, AR
64608.75,35.5361559,-100.9598709,Pampa, TX
62407.75,33.5162315,-90.1795281,Greenwood, MS
61688.75,37.0373005,-95.6163665,Coffeyville, KS
60493.25,35.9272953,-89.9189753,Blytheville, AR
59735.5,32.4073589,-87.02110069999999,Selma, AL
57370.0,37.34033840000001,-95.2610838,Parsons, KS
57156.75,36.6072567,-83.7142848,Middlesborough, KY
56838.5,33.5845581,-92.8343294,Camden, AR
56366.0,32.7562463,-91.8723497,Bastrop, LA
51828.5,34.6173803,-79.68478139999999,Bennettsville, SC
50812.0,35.0081474,-90.7898342,Forrest City, AR
28739.25,34.5291253,-90.5900273,Helena, AR
